,id,flux_g,flux_i,flux_r,flux_u,flux_y,flux_z,truth_type
48682,11567264019,40.9623,36.2869,37.3803,42.796,58.9711,40.2802,1
40607,11690845043,357.108,571.456,471.124,484.443,1199.98,1002.86,1
22854,11631772147,15.5933,14.6773,14.6509,15.885,17.0612,14.5978,1
7554,11581148087,51.7118,64.1272,69.5459,22.8147,66.9363,58.9267,1
28188,11631115337,46.7034,42.7023,42.6977,48.3535,58.188,42.2114,1
33119,11690275081,118.308,373.876,211.832,120.569,959.906,784.703,1
49834,11564829678,5.75771,21.522,10.4293,4.70187,47.1106,38.1929,1
14431,11565662262,45.1871,49.0107,45.595,46.7849,86.4165,82.5421,1
17758,11641614448,28.1333,15.8944,24.9845,20.3351,19.2842,19.0624,1
40671,11689428583,27.9603,105.075,45.8787,22.3935,151.009,142.509,1
8939,11563983464,4.76099,21.9674,9.38069,3.008,28.4303,26.1982,1
38257,11688227272,103.819,408.198,265.467,60.0765,472.038,441.652,1
36302,11705204229,26.9774,29.0086,29.5397,16.722,26.8353,26.885,1
42737,11688976652,7.20526,37.7833,15.1209,4.42805,53.8369,49.1389,1
16636,11563636972,8.85712,32.4077,17.4014,6.04009,35.0572,33.6887,1
27055,11644996916,16.949,16.5671,18.0414,9.06078,14.1977,15.3085,1
10954,11565452667,27.7143,26.5303,25.52,30.3746,37.5289,38.3631,1
38416,11688923845,12.2519,118.747,44.3006,4.16163,237.68,198.074,1
37840,11701374886,47.1992,48.1992,48.9859,27.0725,59.9604,54.0776,1
14785,11577149704,15.5689,13.2693,14.6057,13.0522,11.7741,12.4319,1
3023,41021292873,121810.0,164142.0,153311.0,59996.1,162547.0,164219.0,2
30411,11627862264,21.0977,24.3692,21.0168,22.6255,37.5299,37.0671,1
48513,11567869900,49.4872,47.5647,46.2186,48.6413,77.9848,48.3949,1
28851,11628770235,42.0825,56.1833,48.8612,44.596,123.563,96.1989,1
6639,11568779833,10.9328,19.8535,13.5136,7.77559,43.1397,25.3936,1
44139,40901194520,1611.34,12033.8,5071.53,164.559,21446.6,17767.2,2
34550,11692125911,31.1173,51.4266,37.3428,26.3704,137.894,73.8664,1
44988,40745568334,65544.8,92359.0,84819.3,28672.2,94089.5,93977.1,2
7919,11566930059,69.5041,111.976,84.4404,65.6083,279.178,155.176,1
37408,11701308574,31.5134,26.537,29.1532,26.6789,24.4119,25.3712,1
28393,11630126277,20.0552,23.1393,20.7606,22.8332,45.5063,27.8225,1
39580,11688538927,218.111,1705.59,661.01,93.5235,2593.94,2219.05,1
42902,11690936560,9.7299,8.94292,9.21672,10.3539,14.9851,13.7048,1
19639,11639300481,146.396,109.854,129.279,94.2648,136.185,125.998,1
49660,11568919652,11.5909,13.2037,10.4045,11.2784,22.1336,14.2701,1
32918,11692313497,23.5205,75.8896,35.7579,16.2693,260.072,125.221,1
2118,40966403155,38.2397,134.959,93.1014,5.31648,174.989,159.135,2
9746,11580535701,50.6011,53.7819,55.3057,32.767,49.4,50.029,1
2108,40966411858,83.5825,459.504,254.17,8.5554,689.734,599.85,2
13528,11566417753,23.4526,24.7899,23.7459,23.7232,47.7171,39.2002,1
67,40969798318,34.4154,206.74,105.228,3.9038,331.204,281.791,2
46821,40745567773,21.2361,367.595,73.6886,2.66728,1354.53,806.607,2
15533,11564446994,51.5358,241.066,102.361,35.6991,419.719,385.89,1
32976,11688906053,17.4211,133.588,50.6609,7.45562,223.55,193.747,1
16456,11570338390,12.6525,10.9889,11.6983,12.9997,10.1239,10.4075,1
10103,11565957231,106.849,91.9905,97.0526,115.8,128.859,130.827,1
41220,11688958110,18.5333,69.7381,30.0397,13.7767,80.9361,78.5409,1
20458,11639793679,10.5117,9.57562,10.3083,7.72935,9.50354,9.38295,1
21067,11633039512,9.84284,9.84303,9.20826,8.1321,11.5855,11.0045,1
25103,11626095318,18.3133,117.651,51.4618,8.59797,165.359,144.491,1
39486,11688520943,112.974,402.46,207.559,76.0903,588.757,497.358,1
19940,11626192133,19.5163,65.8765,32.102,15.0303,68.9362,67.5918,1
24180,11627320352,19.0387,35.9134,22.5646,20.1439,57.2019,53.0749,1
13673,11562655168,39.9093,112.022,89.8967,21.2939,144.043,128.591,1
4109,41021158847,37452.6,64526.4,55064.8,14701.1,70314.6,68666.1,2
34411,11704943493,7.49057,19.6537,18.0033,1.20445,29.8699,21.2946,1
5686,11564851748,5.9357,22.2586,10.6044,4.25194,36.9312,34.443,1
1768,40897709039,351.093,3225.31,1045.44,37.0896,6599.96,5261.27,2
18870,11626161116,149.666,487.136,236.026,134.833,710.899,624.876,1
41380,11701858244,23.7323,18.7225,21.0952,21.4357,15.9509,17.0614,1
43558,11702436920,7.23673,9.76718,9.2748,2.76255,12.9334,11.0383,1
2235,41020808141,8.11189,58.1819,24.4294,0.925003,104.199,86.0961,2
14749,11570907169,9.43121,9.33014,9.38787,7.99529,10.3552,10.0752,1
2084,40966418003,11.2818,91.4025,33.8565,1.22602,174.6,141.825,2
25255,11641125503,15.4334,22.0328,21.4916,5.98946,27.6556,23.6782,1
46074,40969540569,2369.9,6723.37,4996.42,403.409,8206.61,7609.31,2
23133,11625360829,8.46215,36.5306,26.5718,3.60779,47.4061,42.7891,1
35904,11690003271,41.2844,137.306,70.6477,31.8065,264.178,241.257,1
25942,11626957031,52.8928,593.475,233.439,17.1111,1499.85,1154.0,1
10853,11582394553,12.2402,14.6095,15.0135,4.67862,13.3135,13.9833,1
5228,11564655504,75.301,402.646,168.671,49.1573,823.653,719.051,1
45982,85097143,63.0232,167.86,124.587,15.5803,204.097,191.92,2
4121,40969825688,748.943,1004.12,937.401,368.436,999.186,1007.73,2
22012,11632427549,15.3333,16.9965,13.5319,13.6769,25.6425,21.0625,1
31614,11696188405,11.5082,10.5,11.0371,9.84902,10.8058,10.8876,1
25676,11625923326,4.75025,19.089,10.5147,2.98375,23.1902,21.2754,1
33826,11690810796,35.3856,67.9451,50.2012,33.7041,146.474,135.865,1
5568,11570426109,70.6089,75.0249,62.4117,55.2006,113.891,96.7063,1
31976,11695383885,8.5824,14.8469,11.2186,3.72623,26.1452,21.0228,1
15282,11576372267,9.48399,8.80038,9.38602,7.03714,8.86849,8.79035,1
35314,11689845367,8.73505,28.9943,14.088,6.71182,45.4253,43.4268,1
8881,11568592240,24.5388,21.0981,22.2554,26.1598,24.303,19.5321,1
5168,11570125412,16.1546,14.8555,15.2324,15.6936,14.8793,14.8043,1
40949,11701467179,8.93238,8.93467,9.16545,5.83042,10.1376,9.50484,1
14029,11577971334,17.117,27.2477,26.4948,4.57406,39.6366,32.0966,1
36923,11688584166,5.07766,20.1382,10.6994,3.1951,23.0361,21.6768,1
14897,11563810910,13.8366,66.8967,30.1704,8.25354,83.3754,76.2633,1
33677,11691557225,274.303,226.964,243.924,288.672,335.001,270.171,1
25988,11626116409,17.9072,41.5358,24.3924,17.4106,42.742,41.7544,1
20618,11641073070,22.3023,26.2565,29.021,9.7192,35.4274,30.5024,1
24023,40969896929,401290.0,643612.0,562902.0,169111.0,685165.0,674611.0,2
10242,11562963341,5.57897,21.8884,16.161,2.80783,27.3228,24.8185,1
9579,11562852749,19.4802,65.9228,54.2405,9.80018,78.5964,73.5336,1
8134,11567759559,13.6341,12.4708,12.5041,13.6014,19.2827,12.4673,1
32262,11691118905,19.5731,33.7901,26.0291,17.6349,86.7223,70.6469,1
9983,11578600069,11.6091,13.2477,15.9705,4.986,21.6806,17.3859,1
28459,11632163146,30.2657,22.2126,25.6723,34.316,19.2261,19.7221,1
4841,11565285021,53.8489,138.109,82.9192,43.781,292.514,266.306,1
24811,11641786971,10.369,10.1663,10.6971,7.67666,9.47176,9.49761,1
16212,11563803972,27.5332,113.672,52.5886,18.8181,131.18,123.989,1
47406,11569285371,13.8649,13.9771,11.4328,13.9148,18.9337,15.0059,1
25381,11625758142,93.2521,423.988,244.662,50.5621,512.844,471.231,1
29304,11632945741,34.17,28.8033,31.3084,33.5816,26.2733,27.7458,1
28856,11631287760,26.2499,22.2932,23.585,28.0084,26.4301,20.7603,1
38842,11688776902,7.08818,25.9146,12.063,5.16841,28.0448,27.3301,1
20502,11638616325,19.6737,17.3122,17.0969,13.762,20.4503,19.2433,1
6061,11568492485,19.7539,32.4658,23.7317,15.0779,69.7137,39.8656,1
20167,11633448364,48.5245,37.9046,42.8484,48.9459,32.0518,35.0384,1
18850,11626701315,255.764,1156.77,468.675,200.425,1901.33,1765.98,1
14377,11562870417,295.595,1044.61,780.558,184.699,1348.86,1209.68,1
31368,11694040416,19.7346,16.0907,17.4868,21.5046,16.3921,14.7395,1
9735,11562894629,22.7159,135.498,81.0658,5.89961,196.047,170.4,1
1570,47848972,312.167,481.418,429.382,166.999,490.066,493.885,2
36754,11703360393,25.0044,23.8127,25.5168,18.2628,23.129,22.9031,1
4459,11565062529,21.6365,32.7632,23.8356,21.7004,52.7877,51.4264,1
32412,11692623781,10.328,11.3136,10.1594,10.0869,23.239,13.885,1
35775,11694271833,11.6385,16.8523,12.7395,9.13396,29.1075,21.3933,1
14469,11581705553,12.5403,14.745,15.3194,5.34167,14.0481,14.0103,1
17226,11563105709,3.79548,14.3355,9.79681,2.1333,16.6258,15.6089,1
11789,11576818464,6.29658,14.6733,12.727,0.876587,32.4973,20.943,1
2356,40745617407,2372.14,17611.3,7440.82,243.422,31298.4,25956.1,2
12935,11570072090,8.94515,10.2111,8.79022,7.12118,13.1227,11.9002,1
16781,11563498126,926.234,4645.01,2132.03,622.632,6405.46,5490.35,1
27588,11643647570,104.066,126.675,131.118,36.6602,128.635,120.314,1
41482,11688390753,55.9703,467.759,198.367,14.8808,768.981,627.133,1
19245,11641974564,10.1896,13.9274,13.4933,4.04919,14.9939,13.7149,1
6719,11569807555,19.8192,19.1243,19.0826,19.3327,20.9481,19.5543,1
1020,40969639248,9.41647,69.9411,29.5447,0.965942,124.324,103.095,2
32085,11693811824,13.1476,13.1506,12.5776,13.1752,17.9462,13.5032,1
42097,11689033504,128.14,859.423,311.525,74.8779,1322.28,1196.97,1
29144,11644136150,13.0055,14.9094,15.2642,6.31841,13.8104,14.0283,1
42620,11688314519,11.0974,50.2451,28.5481,6.10665,62.7435,56.9053,1
5453,11568168971,43.7992,41.0823,41.0997,44.3883,57.8647,39.9594,1
20790,11628425523,58.3398,61.6753,58.7364,60.9956,116.34,104.485,1
32581,11692552027,9.84254,8.97769,8.98067,10.1097,14.5132,9.21506,1
40981,11692282192,33.8151,62.2571,42.1963,25.2398,174.565,85.0114,1
8457,11569469322,151.307,205.22,155.672,116.315,347.608,274.145,1
36297,11691336263,14.6188,16.3614,15.2366,14.6763,33.8062,27.323,1
10263,11565712379,14.3535,37.7036,23.7725,11.1114,90.9399,79.3715,1
3736,40969545856,50.8099,341.178,158.133,5.45812,577.023,484.26,2
4429,11565114706,4.07603,31.0363,13.2435,1.57098,89.9401,64.4596,1
1141,85114973,107.806,304.056,227.816,20.7063,359.463,342.889,2
18474,11639619586,9.38292,8.23523,8.87053,7.57835,7.79618,7.90998,1
20818,11633844600,35.5028,26.3151,30.5321,36.6041,21.3634,23.691,1
38194,11688131471,4.60085,16.7751,11.9946,2.57708,20.4744,18.7473,1
18422,11638403634,40.3386,35.3416,37.0353,31.7977,37.6367,36.7063,1
30387,11625167016,50.7546,131.763,107.397,26.2825,166.343,149.999,1
8309,11568534044,201.619,232.808,176.55,201.532,392.452,262.155,1
38278,11691246976,10.5753,12.64,11.3514,10.6247,27.0728,22.4493,1
49251,11567673073,11.6427,26.138,16.1961,7.07808,72.9527,35.5847,1
49402,11567456250,27.5074,27.7695,26.1928,27.6435,51.5088,31.8642,1
40670,11688121997,4.90726,37.9394,18.1467,0.9078,61.4623,51.2045,1
23650,11627783330,11.7893,76.0791,34.7154,4.86504,234.746,165.621,1
37730,11689445473,10.1001,15.9069,10.4929,10.8895,19.0667,18.5131,1
29439,11632399468,50.2315,62.4959,49.627,36.8653,87.2567,75.1344,1
33411,40901216088,3145.57,25266.0,9393.14,344.2,48068.2,39104.5,2
47851,11568240750,20.3382,15.9928,17.65,21.5286,18.4314,14.4885,1
695,40749451899,21122400.0,39976500.0,33168700.0,7094260.0,44709100.0,43212800.0,2
5944,11568340343,10.3181,10.454,10.0218,10.2864,16.6694,10.5289,1
8154,11567759122,20.1039,21.624,19.6293,19.0345,39.3897,22.8828,1
41606,11690562805,177.731,351.79,262.151,190.424,829.739,736.395,1
29762,11628474508,20.8708,21.6243,20.7452,22.0142,38.8506,36.9803,1
12212,11564369394,17.1532,29.114,17.6061,17.8937,31.1792,31.9555,1
35597,11690250646,38.0806,48.111,38.3693,40.3593,71.62,71.2732,1
14440,11567023826,54.7945,48.4508,50.4861,57.0707,77.7871,57.8628,1
18354,11625993578,43.6509,227.236,103.973,25.7602,292.739,263.516,1
27924,11630314437,28.1596,20.6432,23.6109,30.484,24.2584,19.0689,1
18119,11625341997,9.14606,38.2177,28.3136,3.52314,49.6909,44.8509,1
49422,11569784198,11.034,11.3664,10.7742,10.2842,13.511,12.1585,1
45975,41020842383,46.9577,297.305,149.162,5.10058,479.393,408.323,2
23353,11640950269,12.4138,10.6868,11.6215,10.6235,9.54623,9.95219,1
39352,11695948051,17.3018,26.8751,21.937,6.47376,44.2965,36.8967,1
36759,11688849587,4.73786,44.1051,16.2116,1.62832,82.0591,68.3068,1
31293,40901215631,143096.0,572076.0,379814.0,16320.3,767260.0,687899.0,2
27957,11631054442,40.7438,33.8206,36.2271,43.9687,42.3411,31.0253,1
4661,11565276442,51.6289,164.219,90.831,41.3066,428.771,344.135,1
20524,11633450162,39.5862,41.8572,36.4104,25.1214,53.1202,49.3422,1
35591,11694459482,107.395,130.906,106.831,91.9926,194.872,159.839,1
16303,11570817888,26.6031,20.0707,23.2447,28.925,16.2458,17.8371,1
11694,11581385117,13.2313,12.4956,13.3735,9.06418,10.61,11.4325,1
19192,11626314194,14.4169,60.1826,26.6763,10.0047,70.7727,67.1048,1
45226,41020827179,33.7084,361.361,97.5527,3.30795,803.266,625.215,2
17874,11641572296,17.5552,17.9001,18.7293,12.338,17.5381,17.113,1
22662,11639536917,54.5227,45.4973,50.2685,45.659,40.5362,42.3622,1
13782,11562615541,10319.6,73442.2,41333.2,1681.83,120862.0,96997.2,1
26693,11625373833,1060.33,6975.78,3855.06,192.284,10937.5,9207.1,1
48703,11568623381,15.8712,13.139,14.1926,17.2154,14.8909,11.7929,1
21092,11627784078,151.367,356.95,227.292,140.48,842.768,735.586,1
37787,11688528248,127.61,760.717,325.796,69.3674,990.3,889.438,1
23372,11632732929,10.6273,9.04067,9.67077,10.792,8.39526,8.67945,1
25531,11625915445,4.46546,20.1929,11.028,2.4917,25.57,23.1128,1
21379,11627780301,212.489,937.458,481.41,235.781,2676.24,2123.52,1
43530,11702144520,5.73172,11.7443,10.0934,0.617325,21.5055,15.4614,1
27739,11631053563,83.8506,81.5058,75.7129,87.4562,113.405,82.7725,1
6997,11568379317,19.0719,15.7437,17.1274,20.5624,18.4048,13.9151,1
39593,11688604254,22.3354,77.7215,39.4893,16.8205,80.7785,78.8314,1
21479,11626200341,18.9101,51.4594,26.7224,17.0175,56.7872,54.8616,1
6241,11579151991,76.5864,126.595,106.195,32.9887,156.29,125.67,1
14482,11562761977,32.3979,218.607,124.706,5.69886,359.72,295.684,1
21354,11627274232,9.3398,39.1975,18.4976,6.24321,79.7451,69.4788,1
44254,41020891189,7721.34,11873.4,10539.4,3549.76,12402.2,12301.3,2
45521,41020874792,47.004,105.813,84.0686,11.6112,122.401,116.079,2
37577,11688413133,12.84,59.0499,33.2083,6.77707,74.2352,67.3162,1
20365,11639749419,11.7913,9.11229,10.3909,10.6632,7.58571,8.25199,1
42491,11692862642,14.2993,14.4836,13.6697,14.2741,24.7697,14.9289,1
40967,11692870084,11.4464,26.3063,15.5979,6.93726,80.398,36.7809,1
49653,11566803975,47.7041,69.0836,57.717,44.1141,162.606,120.146,1
39483,11688004230,46.836,142.49,100.697,34.8172,179.244,162.401,1
19687,11626909458,5.23703,21.5884,9.41122,3.69702,31.0456,29.2211,1
13155,11564596166,17.7024,31.5,19.1159,18.0772,38.4592,38.8517,1
37696,11688717351,6.09889,55.1847,20.8565,1.93582,98.3218,80.6204,1
28183,11625260356,128.667,648.941,425.587,33.0421,916.498,806.009,1
48323,11566943020,76.4869,152.606,99.8635,60.3322,452.957,232.961,1
86,40969778753,1784170.0,3508670.0,2875270.0,603064.0,3953240.0,3804520.0,2
42926,11692417724,127.096,110.253,113.796,130.699,168.505,112.213,1
22949,11625732989,9.25925,39.4048,24.1931,4.99985,48.5887,44.4072,1
30473,11642992788,11.6551,17.9384,17.5352,3.10713,19.6534,17.4702,1
20152,11633428352,25.1685,34.4288,29.5796,11.8512,52.4111,45.0826,1
11848,11578076821,14.118,14.0809,14.7461,10.4799,13.7247,13.5648,1
34196,11695259007,10.3396,9.65466,9.78192,9.66381,10.1429,9.98421,1
1123,41020962146,1329.11,3754.49,2795.14,227.013,4572.99,4243.43,2
25095,11640289415,6.43939,12.9631,11.6046,0.630341,24.6663,17.3567,1
4736,11564557617,5.18381,26.7992,11.2731,3.94777,55.1975,44.9648,1
46977,11564790647,8.84756,22.2698,12.1823,7.75184,34.1382,33.333,1
22745,40969936660,8705.06,15666.8,13392.6,2968.21,16951.3,16486.9,2
3435,40969700137,2844.41,4218.97,3795.22,1326.43,4350.0,4334.13,2
3302,40969684833,35.1036,94.4394,71.9443,5.73498,114.638,105.813,2
39478,11688028498,7.48715,32.935,22.3991,3.42972,42.0758,37.9457,1
17421,11576468385,10.2903,10.0795,10.2968,6.05828,12.5574,11.4409,1
250,40969805191,31.4442,142.558,89.1181,4.17441,199.421,177.638,2
2339,40555696005,987397.0,1657870.0,1435700.0,363348.0,1784040.0,1746200.0,2
15326,11563384630,91.6982,744.793,304.918,31.6153,1196.12,985.358,1
23229,11640823961,24.685,19.978,22.5242,22.2248,16.7293,17.9424,1
6491,11563964620,27.6237,59.4703,32.3282,27.5264,62.712,62.8001,1
32077,11693459902,7.50193,43.3424,16.89,1.25548,139.933,78.2805,1
43224,11701757288,14.3287,18.1932,17.6779,4.23944,28.2512,22.9796,1
43198,11696097110,10.2122,22.8192,16.8256,1.85102,49.4051,37.0212,1
48543,11569378586,11.9236,12.2867,11.5981,11.8034,16.3447,12.6661,1
17304,11576127988,78.793,87.2788,84.3974,37.1255,116.633,103.365,1
19455,11625649536,40.5082,116.671,80.6776,31.4765,135.76,126.223,1
28228,11628700207,177.887,156.195,164.354,190.768,251.089,228.064,1
44573,41020814079,4415.74,6141.53,5661.15,2133.59,6175.86,6206.88,2
22457,11626610394,23.8396,33.3676,21.8115,26.5587,30.9138,32.5265,1
19056,11625302433,469.634,1686.27,1380.15,246.33,1967.2,1856.98,1
13908,11579399029,10.657,10.6831,11.1365,7.72618,9.9255,10.0021,1
12104,11569889901,182.477,172.275,135.574,162.204,228.992,200.656,1
36743,11688449914,5.909,21.9934,12.5622,3.78215,24.7751,23.4866,1
14414,11562580273,17871.4,120508.0,68262.0,2973.37,201540.0,165276.0,1
10184,11578518634,9.17668,11.7098,11.498,4.62392,14.0677,12.5892,1
49691,11581156936,19.0129,27.9325,28.6655,4.65096,28.3918,25.689,1
17398,11577777782,11.1466,10.9261,11.4339,7.79793,11.422,10.9582,1
5201,11569140583,21.0191,16.8779,18.5352,23.0705,17.614,15.2972,1
40022,11702189028,16.4033,14.4149,15.6904,12.7885,13.6899,13.8652,1
42527,11691144844,25.3518,45.9054,34.9559,24.7879,110.333,95.3826,1
14285,11566295763,12.0187,13.8705,12.7759,12.01,28.5742,24.2083,1
16884,11576200471,8.03147,20.8696,16.8691,1.50126,55.2666,35.3793,1
8755,11564827380,4.92587,17.5373,8.71323,3.55215,32.5528,29.4861,1
27148,11631558491,9.60823,9.0975,9.04535,9.8472,11.1995,8.86535,1
9178,11570546586,14.012,13.7597,13.6991,12.5209,14.9173,14.596,1
21936,11627130791,20.9866,84.2044,37.7071,15.1522,128.736,121.123,1
5285,11568465953,56.1152,88.0397,57.7711,47.8149,206.362,115.183,1
19760,11640465477,52.3963,42.869,48.2576,46.6503,35.8759,38.5268,1
44176,41020885202,41180.5,57693.1,53128.6,20130.5,57850.6,58221.9,2
35652,11695658279,21.0011,19.0679,19.7073,20.0221,19.1502,19.2934,1
40401,11688842206,5.59343,19.1318,9.64364,4.4508,22.5485,20.9505,1
45473,40047150733,16.5223,289.323,57.7174,2.05575,1071.84,636.969,2
18999,11645083982,11.8505,11.4765,12.6197,5.96661,9.70765,10.5677,1
17934,11626022361,9.41475,38.0434,20.5156,5.91732,43.3649,40.7319,1
283,41021134932,39.6821,282.471,118.984,4.55244,504.064,417.05,2
38998,11702439169,14.8973,19.2704,18.7013,5.7267,26.0717,22.133,1
10067,11576798929,12.2848,17.5429,16.4054,3.93747,25.4316,20.8482,1
24277,11637552269,119.679,116.121,107.993,85.0855,149.747,135.14,1
33387,11693287176,17.7459,14.5795,15.7222,19.2519,19.5838,13.2066,1
11230,11562930710,3.99082,19.0955,13.0282,1.55722,25.3045,22.5349,1
46313,41020839849,19386.0,31858.1,27852.5,7634.83,33762.8,33196.3,2
48057,11569441118,60.1753,46.2877,52.0992,67.4459,43.5497,41.3401,1
13298,11580501280,9.58695,10.7783,10.8959,5.96342,10.4833,10.1063,1
10105,11566248941,33.872,39.6313,35.8016,33.4308,86.3624,71.3591,1
10767,11581427461,8.58128,7.90685,8.53277,6.1128,6.61415,7.17382,1
48145,11563960338,6.74251,64.937,24.1656,2.33172,132.168,109.413,1
3012,85158843,1522.86,1530.34,1599.88,1094.94,1310.28,1416.11,2
49205,11565034367,32.3141,118.32,59.0808,24.6537,238.229,213.72,1
18965,11625850984,17.3928,67.3535,43.0551,10.2051,78.2281,72.9725,1
4126,40555713599,79329.6,345377.0,221441.0,9090.24,474110.0,422941.0,2
21835,11633704358,23.1688,30.7501,27.1652,11.4473,44.5108,39.0125,1
20526,11642224520,9.46706,10.7394,11.6961,4.73458,12.2916,11.1582,1
24381,11641778609,19.2214,20.2735,20.8871,12.9646,19.6257,19.0799,1
45819,40969570764,2170.03,7742.1,5316.51,299.053,10093.2,9160.7,2
34350,11704177211,16.6165,24.6926,26.1971,4.42742,33.5736,27.021,1
46983,11566109889,43.8035,38.5484,40.0861,47.8713,59.0091,59.7066,1
30142,11644540820,11.7562,11.2871,12.2146,6.56375,9.53563,10.3804,1
27970,11630321814,64.3776,48.1246,54.4889,71.7931,59.4772,43.5732,1
23220,11638373709,11.6285,9.31917,10.4882,10.8109,8.0435,8.6663,1
10039,11582624031,16.9336,20.0976,20.2942,7.13568,18.2302,19.0021,1
35408,11687738155,25.1073,74.0254,62.7907,12.174,87.0264,81.2506,1
32048,11690033863,377.004,585.37,430.058,419.119,854.105,856.042,1
48161,11564562939,18.3197,57.7332,26.5737,15.0917,76.8443,75.8732,1
36506,11694914747,120.626,139.015,108.719,84.568,188.478,168.805,1
39434,11688467279,9.0025,37.2684,20.1723,5.48915,43.6342,40.629,1
23119,11639526310,11.7522,9.66169,10.6389,10.1377,8.553,9.04478,1
12404,11580509810,11.0505,8.48797,11.4873,7.80327,8.77752,8.29695,1
34998,11693079307,47.5732,42.8721,43.2251,48.7636,62.4526,42.0947,1
5532,11563945554,6.13669,27.3425,11.5389,3.99007,34.8735,32.5919,1
45754,40969577962,1596.75,10822.8,4996.39,170.227,18386.9,15405.3,2
38550,11696133765,15.256,10.9928,12.9553,16.1849,8.65543,9.69183,1
49365,11565101221,24.9363,48.8387,31.5287,22.1204,78.6173,78.0965,1
7182,11567328671,69.4051,168.256,97.4673,55.9296,556.826,263.149,1
16197,11575230191,55.837,50.8021,54.2164,46.7993,50.581,51.1374,1
40716,11692475552,16.4095,17.7944,16.0333,16.1375,35.2799,20.3847,1
39367,11700232884,31.3792,23.9399,27.3546,30.8499,19.9454,21.8741,1
38875,11688652799,4.86923,20.2692,10.0266,3.03955,24.2902,22.4626,1
17462,11642764756,7.08725,12.4979,11.2405,1.48561,14.3491,12.6006,1
35585,11689505887,22.0249,58.2031,29.543,18.9338,76.8111,77.2861,1
380,40749426002,6755.73,45117.3,20959.8,728.924,76106.2,63933.1,2
26362,11625135125,9.9545,31.4533,24.3684,3.1553,40.4565,36.6448,1
37916,11689733649,8.99975,36.4106,17.1485,6.14854,68.7765,61.4333,1
32038,11693871247,11.2546,10.2062,10.3619,11.7131,12.3566,9.88453,1
46566,40745566516,21739.1,174692.0,64932.9,2377.91,332420.0,270409.0,2
37043,11688722283,5.51797,26.4758,11.6794,3.39338,34.0536,31.0635,1
25076,11638942519,43.5748,37.7794,41.1553,35.8556,36.056,36.9089,1
2172,40745564360,79.5077,1395.75,278.147,9.8723,5176.8,3075.08,2
12684,11577981349,19.4095,16.3632,18.1148,17.0357,14.1345,14.9589,1
48445,11567467422,26.034,38.4897,30.2748,22.3481,92.966,45.8038,1
35343,11692080103,18.763,44.0898,27.3274,12.8649,134.886,71.632,1
40482,11688524731,24.6744,116.856,54.1608,15.6737,145.924,132.947,1
47995,11570104788,14.2502,14.0023,13.7195,13.3996,15.4336,14.6566,1
23006,11625729260,13.1514,86.8348,44.1246,4.01595,127.437,108.098,1
28253,11630284376,23.1918,18.9347,20.4165,25.1555,25.9258,17.42,1
35562,11694918435,64.0015,69.6713,55.51,47.7189,88.5556,81.2009,1
17655,11640391250,21.7473,20.2427,21.879,16.6355,18.8265,19.0877,1
7511,11565525824,13.7001,19.4465,14.9303,13.88,33.203,31.7544,1
32898,11692593187,36.1281,63.8665,44.2099,27.4137,174.843,84.0281,1
14809,11577621525,10.0942,8.84576,9.57227,7.18391,9.63434,9.2242,1
33051,11688524211,36.9236,183.234,84.1756,22.8672,225.644,206.865,1
19800,11639667793,21.0971,19.1223,20.4884,16.1052,18.788,18.6301,1
8819,11570444368,38.1651,33.4348,35.9706,35.74,31.4646,32.8721,1
12615,11564871898,15.7627,21.8627,15.84,16.4681,27.8721,28.4154,1
25870,11625873497,47.2828,257.043,131.116,24.2791,337.933,300.961,1
12023,11579573098,11.2165,11.514,12.029,7.87784,10.9695,10.8542,1
22075,11632850232,33.9165,60.4897,39.4251,20.8655,161.629,112.506,1
24331,11625401018,5.6862,20.0515,15.8396,2.98069,24.1641,22.5293,1
45003,40966442541,1145.06,2827.01,2191.61,235.981,3329.99,3134.02,2
4710,11568461487,85.2447,121.23,88.2386,70.074,225.375,150.048,1
31948,11693799738,15.1497,30.2118,19.6258,9.04097,69.3692,41.3347,1
44334,40745595809,7673.89,29118.2,19633.0,956.866,38551.8,34761.6,2
47320,11563946788,6.49494,27.2498,11.5698,4.46426,33.725,31.9508,1
32718,11688480193,18.4703,69.4368,37.7842,12.7498,80.7208,75.0402,1
44127,40969576933,7165780.0,9802920.0,9097520.0,3265950.0,9866970.0,9896650.0,2
39114,11700563674,322.764,315.266,320.16,240.34,359.785,337.618,1
45776,40745592404,74.6236,1316.03,261.756,9.2312,4891.52,2903.27,2
44976,40745568587,2510.78,11870.9,7363.99,281.608,16714.9,14808.3,2
27145,11630755422,10.8497,10.6137,10.2056,10.8378,17.114,10.7377,1
13248,11577354544,11.3782,16.5351,15.2073,2.86939,25.444,20.3737,1
46094,41020843607,556871.0,964817.0,820350.0,229026.0,1052740.0,1027440.0,2
1261,40969627398,15826.2,21853.9,20161.5,7627.52,22068.0,22146.6,2
36272,11705033913,10.8691,10.367,11.0327,7.56254,9.45243,9.69424,1
24279,11626248025,8.57709,35.0046,16.247,5.83184,40.539,38.4046,1
15362,11571435095,14.5539,12.4609,13.6081,13.2658,11.4354,12.0599,1
30443,11643137894,101.249,101.031,120.828,54.1179,100.934,91.6988,1
27482,11625255029,18.189,60.8682,49.1447,8.33884,75.4182,69.2013,1
2057,40966410310,3410.93,4960.89,4522.19,1642.32,5001.25,5024.23,2
21441,11630619993,7.74652,11.9867,9.1207,6.09485,26.2415,14.0386,1
36,40969798245,18.7981,171.525,55.7576,1.99659,349.887,279.25,2
28547,11644506941,12.3264,21.6493,21.0443,2.58664,21.6657,20.3713,1
11458,11578393589,17.4219,14.7625,16.382,14.9351,12.5278,13.3951,1
45988,40969538041,16.0992,147.926,47.9438,1.70043,302.733,241.32,2
12537,11562795384,859.599,7371.11,3641.33,104.397,12611.3,10420.4,1
26594,11628060413,40.671,41.5467,38.4153,44.4092,60.6637,61.2514,1
38107,11688162005,99.9625,348.029,209.408,67.3695,490.924,416.588,1
30530,40749440418,1225.75,11246.8,3647.34,129.613,23001.4,18339.8,2
31729,11694248139,19.2021,21.407,19.3197,17.7564,29.3373,22.7841,1
33925,11692286480,1166.02,1763.48,1240.1,966.608,4521.4,2381.85,1
3290,40969689390,396.731,1152.36,858.885,55.5022,1439.36,1311.04,2
16939,11564453100,27.6786,99.626,46.1285,20.787,149.914,143.339,1
31354,40749421288,656304.0,895887.0,830733.0,295332.0,906777.0,908118.0,2
30599,40969770570,45.9822,64.1083,59.1278,21.0054,64.6924,64.8506,2
13607,11562764469,10.6606,67.5576,39.0347,2.16413,108.738,90.3311,1
7781,11565905168,52.1974,43.0243,46.576,57.4027,61.3223,62.4593,1
20806,11633196332,12.704,11.5782,12.1407,11.4528,11.7286,11.8598,1
6688,11564666900,47.3952,156.044,76.1046,37.9046,264.023,247.555,1
7760,11581218096,6.43966,12.2377,11.197,1.83835,15.2646,11.4999,1
28631,11630035634,59.0986,96.7804,69.1416,49.2436,257.195,125.47,1
23579,11637798067,29.848,26.7045,28.7417,24.7059,26.5955,26.7962,1
44,40969806929,19.1525,204.005,55.2241,1.88921,452.139,352.315,2
11939,11580555130,90.4243,106.033,121.69,43.9757,124.567,101.897,1
20380,11641083604,5.24253,18.0127,14.696,0.773028,32.1132,22.6151,1
22903,41021245613,165508.0,301156.0,252078.0,62750.6,333914.0,323974.0,2
42892,11690919483,11.9264,20.6111,15.9203,9.90762,48.9356,44.2806,1
22432,11633765844,9.76824,9.07893,9.41055,8.42428,9.35009,9.40941,1
30710,40969783326,26.7624,125.373,77.5981,3.29271,176.608,156.793,2
601,40970018175,10.2492,94.6767,30.6157,1.07795,194.239,154.69,2
16447,11563835700,43.1842,238.222,91.4573,26.9932,327.786,302.757,1
176,41021119390,7620.32,10483.1,9695.09,3742.23,10510.1,10576.8,2
21386,11626206319,19.4717,86.8405,38.2701,12.8547,104.998,98.2407,1
28847,11629562097,9.79329,10.2448,9.51562,9.75457,20.147,12.8696,1
4463,11568518423,150.248,289.567,178.964,106.603,672.146,416.818,1
37363,11700425516,12.0463,11.5349,11.9531,9.29312,12.6725,12.2157,1
25421,11638085347,13.0563,20.8482,18.0478,3.03819,38.9106,29.1941,1
3348,40901207161,10146.2,49600.7,30251.9,1190.71,70731.8,62515.1,2
12231,11569863341,35.8508,34.7001,34.2489,35.2337,38.6788,35.0177,1
19049,11625496173,4.79876,25.3536,15.7502,1.81781,34.0311,30.1516,1
38736,11688535754,184.359,930.614,422.463,117.389,1116.79,1030.39,1
28100,11628126318,8.77552,12.151,10.0003,8.612,24.5228,22.6402,1
16813,11564137912,5.72111,24.2558,10.1531,3.89525,31.6249,29.8088,1
34599,11705149461,11.1172,11.2028,11.7002,7.50528,10.2545,10.4133,1
34406,11687773219,3.4982,15.6665,10.8808,1.13706,21.4543,18.8957,1
46367,40966422163,110.389,789.054,331.787,12.6222,1410.84,1166.43,2
28786,11631285899,15.2713,15.0898,14.5178,15.4405,21.3857,15.3227,1
5699,11568268506,8.67237,14.8174,10.7245,6.41413,33.3077,18.1157,1
48653,11564801475,35.526,43.1968,32.4961,39.0083,47.9387,50.6086,1
9025,11564793602,8.84347,38.4282,17.5649,7.52544,88.8324,69.357,1
34170,11693662334,11.8969,12.8024,11.6994,11.5803,20.4926,13.7242,1
6162,11564328805,18.3675,95.3014,37.4663,11.9641,141.217,130.171,1
12000,11576777987,6.54133,9.27686,8.53694,2.06095,13.2263,10.9535,1
39516,11689299317,16.9332,93.7275,36.5833,10.774,146.354,132.899,1
6211,11579922388,12.6616,21.1769,19.9026,3.05487,24.7562,21.3755,1
16768,11564033002,198.77,553.449,269.143,182.577,718.564,676.378,1
17571,11626718366,90.6785,398.316,161.88,69.5827,579.237,550.976,1
18136,11642749793,226.086,215.759,229.968,159.782,192.864,198.887,1
38850,11702522284,9.802,9.6946,10.1836,6.66425,10.4281,9.82784,1
28695,11629790049,12.1555,43.7159,20.4978,4.78766,147.418,69.8035,1
9076,11568976636,279.65,291.565,233.82,269.533,426.982,324.783,1
23215,11640818945,17.77,15.58,17.039,15.134,13.8389,14.3732,1
41881,11701178749,33.7663,31.501,33.6896,24.4479,33.2607,32.243,1
42425,11694125631,61.0562,55.4922,56.2892,63.1077,64.8151,54.6693,1
18558,11640622977,12.7518,17.2223,17.1316,6.11616,23.3141,19.5148,1
40118,11700478000,25.3782,24.8348,22.0707,19.4408,36.5749,30.8894,1
7962,11582734722,18.9706,50.7507,46.0457,2.84875,50.2391,47.1984,1
4525,11565231052,4.77927,16.928,8.63265,3.3723,32.6409,29.3734,1
28384,11629864143,29.454,22.5538,25.2177,32.6928,30.6781,22.3586,1
21839,11627067642,96.7827,161.569,101.045,101.921,192.076,195.703,1
22028,11630996934,37.9657,68.3052,46.6752,24.3304,150.625,89.6227,1
41766,11692589746,10.0018,10.647,9.86882,10.0519,21.1164,12.6948,1
36609,11704671316,9.47456,7.01255,9.4909,6.93174,7.55414,7.5012,1
9341,40970105844,12.7048,35.4179,26.6228,1.99396,43.6657,40.0646,2
27930,11631598489,8.46095,11.0667,8.94351,6.95154,16.9053,13.0305,1
42111,11700811739,14.5695,12.1302,13.3323,12.796,10.9914,11.6007,1
10112,11562770149,25.3199,97.5309,70.8532,12.8543,131.022,116.677,1
208,40969802113,8564.2,13666.7,12069.9,3437.96,14341.5,14153.4,2
21795,11633611942,8.77553,11.6272,9.96584,4.39568,16.1266,14.5,1
41239,11696362871,11.562,12.0655,11.7038,8.627,13.5702,13.3157,1
3204,40969679934,8.24756,55.183,25.6157,0.888544,93.1691,78.2408,2
48669,11567869705,18.8234,15.1662,16.4785,20.0281,20.526,14.4746,1
6212,11564704362,2.84815,20.727,8.48149,1.23175,50.8502,39.354,1
39549,11702377946,6.81306,9.71928,9.15805,2.19965,13.8146,11.4116,1
26419,11625260618,11.3823,49.8228,35.876,3.91321,66.4691,59.1162,1
47830,11566532894,1978.24,1620.11,1688.98,2058.34,2523.53,1910.74,1
18235,11625862949,72.9099,275.02,149.065,53.1468,360.88,320.315,1
23480,40969894444,288.608,1294.96,817.486,34.5521,1796.99,1600.69,2
6796,11565051468,80.5474,134.744,97.0711,88.2626,223.2,212.702,1
12979,11569742855,17.3998,25.7162,19.8073,11.5348,38.8488,31.6798,1
4631,11570422307,918.132,994.373,982.063,812.744,1346.51,1194.57,1
20099,11638647315,201.595,143.987,168.96,199.168,124.419,130.939,1
6232,11570060109,13.7407,11.7846,12.6053,13.9072,10.7318,11.2029,1
40791,11692806602,25.4396,30.0192,25.8152,25.8432,58.4309,33.3983,1
368,40969812659,139.291,875.127,440.501,15.2246,1405.87,1199.09,2
37639,11701159247,9.4969,77.984,43.885,4.74203,413.64,187.941,1
49779,11569887204,25.1564,32.745,28.1936,16.4086,43.2081,38.9945,1
12258,11564578383,10.3872,32.0394,15.381,8.28732,46.3271,45.476,1
24408,11637555110,9.42673,18.7789,11.9265,5.91948,72.757,42.0133,1
46073,40969542115,45579.4,97471.8,79413.0,10763.1,110509.0,105197.0,2
26345,11625872896,931.089,2538.31,1541.19,773.374,3109.23,2815.78,1
33813,11692294965,67.3198,97.7737,76.655,57.68,231.181,119.7,1
9963,11576797789,80.5827,79.2037,82.1605,46.3403,101.28,89.8141,1
35887,11688099383,26.715,95.423,66.832,15.8976,106.979,101.254,1
18055,11626262515,40.1566,189.688,81.8755,27.3474,236.972,218.62,1
36915,11691087228,27.8526,33.5149,29.5668,28.3148,69.5507,61.3078,1
24595,11626950629,135.792,441.726,209.493,113.18,656.828,636.134,1
27450,11629877212,37.325,40.1706,36.3109,36.4086,82.1539,48.7903,1
17852,11625324215,94.7937,246.329,205.358,70.947,293.338,273.538,1
43874,40745565778,264.305,2849.02,767.315,25.8233,6349.12,4937.02,2
49048,11563944783,16.3343,38.8033,19.8977,15.9459,42.298,41.9703,1
5141,40555760258,2095.74,19887.0,6357.55,215.724,41315.7,32748.0,2
11093,11562668069,20.3765,58.8567,47.454,8.8434,73.819,67.0412,1
38509,11688350997,3.54731,21.934,11.052,1.36729,30.7736,26.7753,1
12266,11570200770,17.2085,16.2833,16.5664,16.1153,16.7585,16.6728,1
4423,11568585055,10.8221,10.3874,10.2316,10.8124,14.1106,10.4114,1
19750,11640535970,8.2892,14.9844,13.3175,1.8356,20.6974,16.8667,1
13853,11582062665,19.7428,31.2496,31.739,3.81889,30.7807,28.3447,1
47042,11566827430,24.4091,38.3953,30.1357,20.3739,98.605,64.2056,1
28235,11625209851,7.02668,38.8075,23.9863,1.43699,60.1425,50.3215,1
46871,41020819496,36.8339,235.593,110.133,4.37373,397.346,333.67,2
8209,11568169850,18.5528,17.9891,17.6113,18.5699,28.1546,17.8388,1
45558,40901193006,15543.0,42433.6,32177.4,2480.49,51773.7,47682.8,2
9001,11568628809,7.84165,14.0641,9.85928,5.11076,28.8983,18.1745,1
46407,40245824251,524.338,5598.18,1513.91,51.6236,12420.8,9674.5,2
13728,11567092735,7.62594,15.7526,10.6975,5.60296,44.7666,25.9008,1
23691,11627585906,9.40841,28.9678,15.8294,7.05388,59.0683,53.2121,1
2615,40969610078,12.1444,86.6095,36.4534,1.39117,154.69,127.944,2
29738,11625150591,800.251,2250.87,1706.86,416.661,3090.36,2674.87,1
34148,11693393725,13.0493,10.417,11.3737,15.1122,11.4677,9.01277,1
17894,11625507312,6.10526,25.1652,17.5498,2.98806,31.3796,28.5733,1
39925,11688526502,58.0091,306.102,142.093,33.6991,382.108,347.585,1
2939,40969948022,25734.0,36738.5,33524.5,13362.5,37030.5,37287.5,2
37668,11694091087,35.1086,33.7496,33.3128,35.211,38.7091,34.1577,1
30457,11627799949,600.685,1277.4,842.204,692.862,3027.18,2423.71,1
20761,11625795911,11.4275,37.6896,22.8059,8.37644,46.827,42.4923,1
22858,11627893985,2.93443,19.9852,9.00012,1.27086,60.3878,42.7184,1
41422,11705386454,11.1956,17.3366,16.7535,2.92445,20.0334,17.4683,1
47585,11567159648,77.4595,63.2924,68.4377,82.2133,90.407,67.0186,1
34682,11693631254,25.5839,19.5308,21.0017,31.217,18.8102,17.2168,1
36057,11687681635,14.1217,46.4086,36.3468,4.85378,59.8544,53.8351,1
513,40249380660,145741.0,982574.0,454636.0,15604.6,1665020.0,1396340.0,2
17349,11563664448,316.857,4144.44,1419.36,76.7418,9299.9,7176.47,1
30396,11645001751,7.16694,13.3227,12.7223,0.714014,13.51,12.8231,1
26023,11626251258,67.979,121.242,74.6607,71.5585,118.17,119.887,1
15869,11571138631,12.193,10.6763,11.4715,11.2852,9.84759,10.4148,1
42684,11692560382,45.0069,38.4559,40.3168,47.145,58.4956,41.1665,1
2967,40969935381,1559.42,4087.85,3112.57,295.864,4887.46,4571.01,2
28797,11645012437,41.1677,42.6651,45.1663,20.0754,36.7968,39.6253,1
12913,11568983329,119.139,126.722,101.472,112.752,189.618,148.021,1
37109,11691426677,21.0816,18.3296,19.4461,22.8119,28.7244,26.7481,1
41248,11695942735,10.1294,13.0578,11.3658,5.24847,18.7144,16.5567,1
31618,11689578275,45.6931,69.7033,45.6638,48.5678,79.7041,82.2566,1
19088,11625963372,3.47356,17.5914,9.12295,1.88042,22.3809,20.2591,1
23435,11627278683,57.223,116.761,69.7229,53.235,163.695,165.238,1
38290,11693194238,31.6058,28.2003,28.8773,33.1661,39.3938,27.0904,1
6186,11569854040,21.3752,17.7485,19.2468,22.9728,16.6086,16.2699,1
32529,11691503775,6.16533,46.3354,16.7927,1.13231,168.677,84.8135,1
48813,11564847179,4.251,30.2157,12.6514,1.75331,77.6365,58.8455,1
19935,11641997175,14.5011,15.2503,17.2368,8.68152,17.934,16.0089,1
40123,11701767653,94.6192,91.1129,100.464,53.272,135.845,110.234,1
34397,11687713306,5.91358,30.8438,19.3119,1.41189,47.4319,39.7953,1
8861,11564760842,8.62174,24.8498,13.0877,6.70096,40.8912,39.3409,1
1602,40969704114,74.5853,449.002,228.331,8.44578,720.057,612.398,2
24923,11626146968,5.24331,94.846,24.326,0.456024,297.167,201.939,1
28016,11631155291,12.272,12.8233,11.9336,12.0419,19.2521,13.5417,1
33135,11695401909,17.9702,39.9576,23.5345,12.7659,152.678,96.6496,1
6531,11562769442,4.06903,18.6654,12.823,1.30243,25.9251,22.6561,1
20334,11638632370,14.9966,17.5954,17.0808,6.0885,23.087,20.4154,1
44385,40969583781,69935.1,95816.4,88722.4,35699.6,95627.8,96492.0,2
36584,11695320802,12.4223,60.3205,30.1133,4.40714,258.11,158.515,1
14524,11566403466,16.4098,17.8039,16.873,16.6837,34.6781,29.5236,1
34922,11689903635,14.3479,14.4783,12.1791,16.508,14.2438,15.4633,1
19925,11638113704,17.9309,21.7647,20.3228,7.51613,29.7561,26.3104,1
22899,11631406340,322.869,382.496,323.512,299.454,570.351,442.178,1
32371,11692458728,17.9429,23.7578,19.1165,18.4394,53.0472,29.7112,1
25228,11625641638,442.274,1426.48,864.265,343.667,1884.49,1657.34,1
2030,40897705758,132.185,1667.29,372.166,12.5908,4059.17,3075.24,2
11824,11565969734,10.776,12.9494,11.6092,10.692,24.834,23.1894,1
7383,11564589313,6.49861,21.8504,10.4218,4.8877,32.7328,31.6386,1
38713,11701870428,31.1689,27.2259,29.5658,24.7087,25.767,26.1609,1
14277,11579106399,9.00237,8.15582,8.76534,7.52316,7.32248,7.59945,1
16539,11564112986,43.0725,105.179,52.0264,42.1887,127.348,125.423,1
47575,11581155165,12.6542,20.4498,20.1428,2.24982,21.1507,19.3222,1
47779,11569523794,14.5794,14.8609,14.2673,13.6939,17.4492,15.8346,1
6293,11565379929,89.9913,103.078,90.0174,94.8509,158.833,156.476,1
47628,11564616797,16.1559,60.2995,27.8709,12.0042,92.0294,87.1394,1
17067,11564026589,108.345,635.851,232.798,69.5882,917.511,845.738,1
34151,11694460276,199.319,180.551,151.292,184.684,203.764,188.295,1
41256,11688783231,28.3881,103.442,51.3479,20.9536,112.1,107.897,1
30057,11628247617,52.6578,46.0106,46.6816,59.3853,63.0489,65.2908,1
15217,11563836995,33.4288,295.473,110.743,12.1915,528.005,446.381,1
37568,11688251955,5.50246,18.1686,12.2621,3.57315,20.4707,19.4109,1
29244,11643769356,18.3973,14.6165,19.0025,12.4114,13.2869,12.7164,1
31307,40249366255,56719.2,456430.0,169553.0,6197.21,869113.0,706809.0,2
42202,11688078565,19.388,104.325,62.5999,7.24016,138.749,123.121,1
37604,11701916295,15.0689,13.6614,14.6908,11.2285,13.5256,13.4055,1
6957,11568536320,21.9072,26.6976,21.7148,20.8308,46.197,29.7555,1
34877,11693398456,9.55512,27.9513,14.9963,3.84378,84.3907,41.4857,1
40360,11701366301,10.5378,9.74553,10.4106,7.65125,10.1231,9.84728,1
16742,11563702250,8.25714,35.6474,16.0485,5.42086,42.8,40.1134,1
12564,11568988870,7.33383,20.9199,11.4474,2.62495,52.8896,32.4419,1
41870,11692333886,8.89133,10.2546,8.9686,8.46962,21.6272,11.7966,1
23445,11627517654,366.7,430.802,350.01,400.227,553.383,567.135,1
42899,11693561328,10.429,10.3124,9.99012,10.6263,14.2969,10.3022,1
2171,41020810850,41.5452,252.783,127.971,4.66395,407.483,345.899,2
24384,11638681395,10.5807,10.115,10.59,7.41577,11.2008,10.5867,1
6920,11566893060,96.1717,233.574,136.891,64.7168,778.244,391.697,1
20966,11627076040,8.31156,24.8818,12.1989,6.66055,35.3283,35.1248,1
34527,11691804202,51.6629,43.3568,46.5274,55.6012,68.6024,55.3432,1
15095,11575015772,23.3541,29.9359,26.7082,11.7521,43.9647,37.2138,1
42084,11693051428,78.9396,59.8882,65.6477,100.064,66.8276,53.647,1
35009,11695305722,93.6362,70.3078,80.8701,102.445,57.5201,62.949,1
40535,11688609449,4.42165,19.9064,9.63601,2.70616,24.9404,22.6408,1
23785,11627778481,44.9474,221.95,106.923,32.6006,654.053,479.976,1
21059,11633805841,9.55853,8.73681,9.16338,8.25054,8.7227,8.90516,1
43386,11688280900,251.364,1402.84,648.982,125.796,2271.19,1814.32,1
24057,11632710286,9.19177,18.1191,13.1655,3.54808,35.2158,27.4461,1
45678,40969566849,7.87634,44.9104,24.2752,0.92184,69.3061,59.668,2
26064,11641519569,10.9819,10.8179,11.4842,7.88775,10.5247,10.3718,1
29092,11643089088,8.65602,10.1355,11.5365,3.85122,11.277,9.69547,1
16818,11575007403,43.555,42.1289,40.3012,30.771,48.2686,46.1429,1
23557,11631409135,32.6779,49.6481,36.971,23.1843,87.811,61.3897,1
49485,11564367743,17.5362,62.6152,27.1404,13.46,78.7835,76.6795,1
14369,11567023537,31.6973,65.6654,42.9396,23.0162,196.778,104.91,1
16069,11576664700,13.4707,11.6753,12.6473,11.2821,10.9113,11.2914,1
27306,11628505684,37.0802,39.4052,37.4412,38.5981,74.1598,66.5985,1
17626,11626380304,8.13089,53.307,20.2113,4.33014,84.4597,74.4599,1
20323,11633408709,26.7834,24.2956,25.3929,24.47,24.2959,24.7555,1
15157,11575773587,13.5861,11.438,12.504,12.1885,10.1932,10.9248,1
41074,11688230654,5.74021,24.0607,14.8091,3.19882,30.099,27.2663,1
2257,40969621306,2476.33,4215.32,3673.09,844.391,4490.46,4392.17,2
30883,11689135527,5.03,21.8317,9.15376,3.39647,28.7016,26.9231,1
27506,11629456642,56.9066,77.1339,64.4856,52.2389,178.502,107.98,1
25951,11625876849,1497.2,6093.75,3078.64,1083.29,9232.58,7608.15,1
15806,11576148418,18.0384,18.888,18.8532,8.00496,26.3643,23.3997,1
1775,40745563849,133.174,1228.58,397.508,14.0211,2519.01,2006.57,2
40952,11702410107,3.82386,12.6211,10.3373,0.316352,26.5229,17.4722,1
19364,11639995454,10.8967,10.2311,10.9262,7.98858,10.1045,9.95224,1
49684,11565290121,13.9376,113.938,48.7591,6.6958,389.614,255.985,1
30778,40969762134,5355.22,8113.9,7266.93,2472.43,8366.27,8332.8,2
20959,11632318903,23.1021,22.3195,21.9431,22.936,25.6862,22.8261,1
7371,11570481232,11.4689,16.1378,13.4834,6.17698,23.0216,20.3843,1
14090,11578901441,26.8124,23.3108,25.8313,23.1171,19.5307,20.9692,1
4574,11569124068,8.76737,8.41092,8.38259,8.83471,9.78352,8.1905,1
36404,11691622165,25.3163,23.415,23.6776,26.3742,40.3904,30.265,1
17039,11564497704,7.65501,31.5521,14.3538,5.24562,52.6476,48.5634,1
6053,11568441659,35.8786,80.3873,47.5849,18.7586,200.889,117.064,1
17059,11563645271,1080.57,7500.45,2790.83,671.561,12398.6,10682.5,1
27121,11629102259,66.9893,82.7569,76.0743,83.6822,150.766,109.655,1
29210,11627937267,24.1925,63.5759,37.6687,21.7763,147.965,124.684,1
40765,11700569443,71.4943,61.5049,67.4116,59.9202,58.6961,60.0684,1
7001,11568254664,9.50683,8.34328,8.69838,9.78054,10.7555,7.84007,1
3793,40969546341,8576.52,14318.6,12446.7,3593.46,15194.2,14950.1,2
33427,40969750831,21.7975,232.91,62.9642,2.1447,516.952,402.596,2
10575,11579231042,12.9772,15.8156,17.2389,7.25375,20.9121,17.3487,1
26048,11626158957,168.628,912.53,357.443,112.24,1201.48,1105.23,1
10182,11562564372,26.5318,73.392,58.6771,8.23186,90.3314,83.5643,1
16080,11563823555,2572.04,6188.2,3322.16,2419.65,8244.03,7629.39,1
23682,11626207720,4.26701,21.4321,9.45844,2.43752,28.3716,25.373,1
21423,11627781567,300.492,544.474,389.201,368.355,1049.24,915.687,1
13213,11568441547,14.0573,29.598,19.0474,7.8109,65.9595,40.6901,1
1054,40901199526,67045.7,106165.0,94073.4,25785.9,111527.0,109990.0,2
26395,11628356150,264.309,1190.77,564.358,151.676,4338.34,2722.63,1
22176,11633824782,12.0256,11.6232,11.1641,9.5925,12.7751,12.6123,1
28232,11630165716,73.1234,100.583,79.7156,70.9312,225.023,117.118,1
23025,11626934211,127.109,451.626,205.752,106.275,681.303,655.837,1
22154,11630593125,1068.49,962.37,950.821,1081.88,1521.91,1021.34,1
37122,11701592876,19.2823,15.7405,17.473,17.076,14.058,14.88,1
49211,11566945198,58.885,53.3369,53.8847,60.3082,86.9619,59.6615,1
28880,11631180842,17.2274,15.2991,15.7297,18.0161,18.6998,14.5901,1
42028,11692808581,12.6747,20.1929,14.6713,10.8894,51.9164,25.5932,1
44630,40966402098,2852.02,5410.62,4555.61,876.209,5950.5,5744.47,2
43739,11700470140,29.8365,22.3625,25.7919,29.6773,18.3378,20.207,1
46622,40969524705,17.6639,188.346,50.9625,1.74091,417.637,325.37,2
3207,40969680910,79.3967,590.186,249.224,8.13931,1049.48,870.154,2
6518,11569755753,10.8982,10.8712,10.5786,10.4621,12.292,11.2244,1
14727,11570781245,17.1093,21.6337,18.3888,11.0486,27.5324,25.4245,1
25879,11626946973,43.153,372.547,147.2,20.0369,874.352,694.087,1
32086,11693292667,67.4522,79.6899,63.62,70.9804,137.901,87.5114,1
43492,11702147837,14.4219,13.4284,14.2749,10.2742,14.2853,13.7057,1
4120,40749430622,227486.0,375911.0,326970.0,89152.7,401551.0,394105.0,2
17776,11625960636,7.79695,36.3322,18.4784,4.53289,45.0683,41.022,1
4073,40249369701,92630.7,743026.0,276394.0,10147.0,1412700.0,1149530.0,2
22819,11631965454,145.421,125.873,133.961,150.152,120.944,121.04,1
433,40970022113,3530.44,5956.27,5195.47,1273.42,6329.07,6201.66,2
13520,11577876163,24.0122,22.5657,26.0399,13.9901,29.9049,26.5919,1
41525,11692920919,24.0922,19.8838,21.2994,26.0409,27.8508,18.5028,1
48283,11568066293,15.3985,13.6805,13.9846,15.8555,20.4581,13.4275,1
24419,11626948654,58.3034,90.0991,59.0613,61.43,106.056,108.994,1
39178,11701797332,18.2357,21.7271,21.6128,7.87225,28.2444,24.4916,1
44947,40969527678,7701.88,14531.0,12203.6,2303.85,16062.9,15522.7,2
30467,40969928848,12.7716,117.769,38.1118,1.34515,241.414,192.32,2
15449,11563481961,5.00288,21.0761,11.6352,2.97987,25.0619,23.2363,1
46294,40969541011,1948.62,7766.78,5119.93,252.743,10428.6,9383.78,2
37072,11701725372,31.029,29.2243,31.1254,21.5267,30.3965,29.3324,1
16587,11563056054,26.3576,91.7894,64.8092,17.3836,104.11,98.1111,1
46709,40966430689,19.3493,176.667,57.4136,2.05408,360.484,287.676,2
46185,40969540488,57205.6,87269.4,77948.2,25375.4,90520.3,89897.6,2
1796,40245823294,1644330.0,3540030.0,2860810.0,401332.0,4038090.0,3853250.0,2
32614,11689754250,18.6097,49.3206,26.4863,15.608,75.372,74.1704,1
7852,11567837451,15.1071,16.2214,14.8849,14.7472,29.3052,17.184,1
32812,11700331734,10.7293,14.7795,13.116,4.29883,21.965,18.7469,1
19729,11640499235,6.78118,10.1534,9.50416,2.53966,13.3056,11.2838,1
41581,11692508181,26.9906,39.733,30.9093,22.4021,97.5344,49.9047,1
5143,11564877128,37.0452,147.544,68.9868,26.2784,279.62,253.239,1
29645,11627230901,8.51272,27.1229,13.863,6.5572,45.7349,42.5812,1
10054,11562842907,3.98613,22.3869,13.5527,0.944561,34.1793,28.9872,1
24064,11631956865,13.6263,42.378,22.6371,3.95038,114.154,78.943,1
30756,40249366804,149198000.0,288644000.0,238240000.0,47499700.0,324108992.0,313316000.0,2
41774,11701641159,16.7874,14.3125,15.6047,14.0543,13.3688,13.7556,1
40844,11700310818,9.61423,9.91862,9.54095,6.64825,11.5953,11.0827,1
4907,11568945591,36.9629,42.2764,36.6602,34.0856,59.6925,47.4044,1
33725,11691553947,40.193,96.8084,60.6729,28.1123,305.364,181.372,1
21370,11630617383,101.765,87.5136,91.2913,106.116,118.354,82.6402,1
45597,40969574899,18442.2,30392.1,26547.4,6907.57,32382.8,31766.8,2
38087,11688527757,35.2767,335.772,128.015,10.0101,598.747,478.022,1
26028,11625470426,27.8906,156.138,92.4414,9.7617,210.053,185.999,1
46634,40245823526,1287.86,13720.5,3713.82,127.016,30411.6,23696.4,2
23974,11631769988,15.3109,15.2201,14.6162,15.3086,19.8296,15.6227,1
8404,11564592403,8.17548,26.5978,12.8539,6.31452,39.7015,38.5131,1
19837,11626921670,12.1572,18.6439,12.0322,13.0619,20.2316,20.9272,1
13377,11562871487,20.6131,83.9542,58.6042,11.4905,112.305,99.9316,1
23342,11639084121,11.0554,9.73877,10.6069,8.58537,9.43225,9.51901,1
46278,40745576931,18424.6,48825.6,37455.1,2974.22,58331.7,54207.0,2
40049,11700583026,147.751,120.101,118.279,103.774,156.165,139.248,1
23943,11627313192,77.1095,205.127,112.352,64.5529,340.372,327.938,1
11086,11580278447,6.16076,11.1973,9.95897,1.27629,13.1379,11.4086,1
21299,11633222480,8.63519,9.73622,9.02512,6.21919,11.4328,11.0181,1
29733,11628545191,21.7908,17.2692,19.245,24.1561,24.0487,23.6746,1
42978,11692692848,22.6091,21.9444,21.2618,23.0092,37.6301,22.5644,1
26577,11629041373,11.0873,70.2547,28.433,4.23712,255.239,140.468,1
14532,11577414990,20.9041,33.6271,31.3829,3.92041,54.8579,42.2042,1
40749,11700418656,42.6914,35.5342,39.2093,39.7516,31.7688,33.9299,1
30965,11694484874,15.6839,16.3094,13.5913,14.2875,22.1838,18.8407,1
9711,11562780564,45.9722,134.688,107.255,28.557,171.538,154.68,1
1254,41020953470,62480.0,88962.5,81719.3,28542.7,89593.0,89846.6,2
47275,11570422691,22.3856,27.9324,24.117,15.2827,40.0889,35.0544,1
41647,11696146733,64.532,49.4222,56.2935,65.142,41.1417,45.3357,1
19031,11637513528,21.521,25.9127,23.2712,10.9761,35.5171,31.8253,1
14797,11575769647,12.3614,11.7416,12.3645,9.2541,12.5486,12.1997,1
24882,11641645832,577.688,514.769,559.424,481.523,440.719,466.601,1
11384,11566611168,7.08404,15.582,10.2819,5.0536,47.2392,28.4074,1
5856,11562699360,5.69503,18.5968,14.6392,2.37142,23.7258,21.3194,1
25111,11626551371,4.43702,40.115,15.4908,1.47181,80.9012,67.4137,1
26836,11631515765,18.971,16.2591,17.1325,20.323,17.6206,15.1243,1
39495,11689274690,49.1754,135.425,65.2291,42.3417,164.833,166.447,1
50,40749427545,78.4779,716.535,232.861,8.33107,1462.07,1166.77,2
46104,41020846459,21.9127,381.97,76.3455,2.73659,1412.08,839.837,2
16139,11577598940,12.6361,14.0239,14.6835,6.22067,19.4346,16.6447,1
46539,40745566724,259.839,2777.59,750.749,25.5576,6166.13,4801.76,2
21595,11632238471,32.5449,30.3854,30.5643,32.6416,32.9378,30.6233,1
46915,11570040626,10.1586,10.2207,8.94559,8.83396,12.7092,11.6383,1
3611,40969546195,6270.37,9793.1,8714.76,2933.98,10089.1,10059.7,2
15892,11567173808,14.0279,14.0967,13.4909,13.883,26.0953,17.4306,1
41519,11700143576,12.6315,16.4115,14.8491,5.81768,23.143,20.2668,1
6781,11563930257,3.46996,34.2142,12.6978,1.04966,66.6898,54.575,1
18621,11640556287,12.5871,9.8654,11.3592,11.5357,8.04401,8.75648,1
42144,11692468188,18.4513,39.0404,24.6792,13.0281,116.722,57.3035,1
11935,11582180791,8.14227,8.76781,9.01873,3.97851,7.71387,8.24784,1
14026,11580129255,10.0358,10.5619,10.8408,6.68054,9.9423,9.93624,1
4124,40969820063,51.6659,107.466,87.3204,14.8761,121.979,116.604,2
13432,11566056748,8.28463,17.2242,12.3168,6.28562,44.843,37.5285,1
473,40969987438,178.423,245.78,227.742,87.6643,245.025,247.064,2
25062,11626912448,44.384,82.8451,47.3408,46.4915,92.1948,93.1615,1
29971,11627958048,114.79,126.213,110.305,125.006,182.136,182.449,1
34240,11693137731,43.7411,34.177,37.7039,47.8309,43.4293,30.8628,1
48239,11565055568,13.256,39.0041,21.072,10.6246,68.6949,64.8691,1
13081,11568606459,12.6502,13.1026,12.2688,12.3923,18.9054,13.461,1
11361,11578262198,10.7272,9.38602,10.2594,8.77893,8.34669,8.72144,1
25507,11626970085,10.7177,29.9684,15.0228,8.92031,41.3724,41.5682,1
19304,11642030884,14.0754,15.2074,15.4762,9.22273,14.3995,14.0985,1
7179,11567320483,7.53538,26.9995,13.1121,2.93602,93.2693,45.6319,1
6081,11566351664,9.47723,11.7759,10.3871,9.25362,25.4838,20.8731,1
39270,11688126280,43.19,186.729,120.602,22.1137,225.787,208.175,1
5369,11565332618,32.5535,57.5752,40.3348,33.0339,127.753,105.472,1
18388,11625994123,45.0496,247.412,110.744,25.4879,315.986,285.614,1
46102,40245826511,6729.16,84872.0,18945.3,640.989,206623.0,156540.0,2
25216,11626778316,56.5919,93.3135,58.0071,59.5663,103.398,106.388,1
253,hl_ms_69301,0.0,0.0,0.0,0.0,0.0,0.0,3
25703,11641946745,28.7922,28.9519,30.2295,20.3601,26.5956,26.6577,1
3980,40047415461,221.374,2362.05,638.937,21.8063,5239.2,4081.24,2
5056,11570233549,16.6821,13.9123,15.0963,17.2366,12.4427,13.0724,1
24924,11638677606,43.5672,36.6614,40.4242,37.1131,33.7201,35.1307,1
32216,11692524354,9.71822,9.91629,9.39714,10.1106,18.6609,10.6649,1
4626,11570578258,11.9132,9.61145,10.6523,12.222,7.69957,8.75157,1
43516,11702147384,10.7846,8.61335,9.76689,9.64275,7.24016,7.82745,1
39635,11702957697,17.6026,20.6274,21.8313,7.80166,29.0723,24.4886,1
9158,11563976539,52.2356,161.677,79.6441,45.5991,239.774,215.582,1
11339,11578211007,11.4507,10.2277,11.167,9.13065,9.21875,9.58486,1
47045,11581155286,5.18614,14.7088,12.5658,0.431776,17.6551,14.3589,1
48798,11568622680,16.2548,20.0314,16.9959,14.5929,32.5715,21.5703,1
15710,11563507947,71.8088,212.037,115.795,57.6959,266.768,241.134,1
16908,11563239057,34.6325,143.005,90.0911,19.4465,169.647,157.282,1
45108,40245824452,604.958,6491.53,1751.73,59.3212,14436.4,11234.5,2
34420,11687773322,4.04405,18.0516,12.5963,1.34485,24.628,21.6975,1
24134,11631975211,19.0755,28.6741,22.6227,12.2061,43.5662,35.845,1
4410,11568983832,5.29348,32.0481,13.0283,0.886715,98.8232,61.8272,1
17414,11576195514,9.70218,13.9005,12.667,2.43224,22.8487,18.1945,1
26482,11644998550,27.783,27.3229,29.5925,14.8555,23.3263,25.2151,1
14652,11579982900,272.208,273.971,291.281,199.736,251.143,252.058,1
21689,11627716272,37.8256,52.5769,39.3434,39.6088,77.7392,76.7935,1
21956,11627168909,404.621,934.579,545.446,376.696,1473.36,1435.54,1
32797,11702170143,20.6245,18.3826,19.883,15.9264,17.3854,17.5721,1
10090,11565446440,21.2325,46.0005,29.5191,17.7149,88.8391,84.2183,1
8274,11568021166,14.7421,24.2054,17.4686,13.0399,60.6824,30.1319,1
10431,11565706539,28.6351,71.3372,45.7525,22.4353,177.714,155.21,1
27475,11630343503,10.5653,9.59648,9.65866,10.7772,15.1478,9.62718,1
38254,11700434197,15.6723,19.5233,16.8188,7.23892,27.6741,24.5735,1
46082,40555690925,28590.7,213321.0,89938.1,2922.07,380009.0,314867.0,2
8061,11567911165,15.1075,15.9754,14.8112,15.1725,28.5595,16.6302,1
23822,11632742886,27.5648,29.1489,22.7955,21.6958,37.6207,33.9193,1
10614,11578655281,70.1652,67.6381,83.0239,37.4935,90.3122,79.6919,1
46602,40745568258,10949800.0,16987100.0,15076600.0,4347930.0,17918000.0,17697200.0,2
33161,40901216627,3184.87,20046.3,10082.6,347.595,32232.1,27482.6,2
18032,11626286168,35.1404,117.527,57.4954,28.1237,163.49,144.659,1
30591,40969771202,1178.6,2552.69,2065.46,302.706,2925.36,2774.4,2
5777,11568737498,9.60875,9.28128,9.08977,9.65739,12.2413,9.23152,1
23804,11638294820,12.4025,17.5674,15.7554,3.46976,26.839,22.245,1
2586,40745615949,15404.9,60306.2,40306.9,1815.57,80387.9,72257.9,2
31014,11690752105,4.34093,23.1351,11.1859,1.8313,76.8419,52.8122,1
9674,11579332230,10.0102,9.40703,10.1363,7.76015,8.43775,8.66976,1
37986,11693568700,13.6047,23.0249,15.8546,10.1235,49.3112,30.5188,1
7109,11565557081,11.3545,81.2057,35.8355,4.90658,275.152,179.781,1
37524,11703075265,11.3221,10.9183,11.5534,8.51038,10.6938,10.5202,1
41461,11689755148,9.32761,58.3404,25.0341,4.95903,134.282,108.456,1
13289,11569913947,56.0611,64.0329,48.4996,40.7533,86.2857,76.6811,1
48373,11566120292,14.0484,15.1307,14.343,14.4874,29.0804,25.7079,1
14015,11562985925,6.68948,36.8877,22.0119,2.33559,49.9529,44.0232,1
48072,11569112514,22.7819,21.4274,21.3976,23.0758,24.3638,21.2327,1
26460,11629133768,12.2947,12.975,12.3211,12.5785,25.3702,19.836,1
22573,11644036056,10.9293,10.1675,10.9843,7.34858,8.63005,9.26496,1
26966,11629603085,20.1457,21.9945,20.2977,20.6167,45.1539,27.1543,1
25565,11625944847,10.3795,38.5065,22.7652,6.50928,43.2907,41.1059,1
45481,40969571856,56.6306,343.319,174.071,6.37624,552.451,469.263,2
41548,11692296279,437.03,331.592,370.28,487.845,415.983,320.793,1
3071,40969690698,26.1976,240.199,77.921,2.7718,491.077,391.603,2
28577,11629769193,170.083,227.896,186.388,162.284,505.626,275.843,1
9303,11570196848,9.71009,11.2175,8.80882,7.62459,14.8826,13.1173,1
36463,11688067080,9.8987,43.0806,27.3517,5.46458,52.8785,48.3315,1
24119,11638473064,11.0648,8.93649,9.89863,10.3877,7.46396,8.3237,1
4265,40901227276,1790.87,13317.7,5622.81,183.529,23686.4,19637.6,2
29828,11628844314,26.9727,39.25,32.7687,24.6063,95.1776,72.6478,1
47160,11564575991,18.6273,43.4735,23.8106,17.5966,60.938,59.173,1
14361,11562730574,14.3761,48.0596,37.979,5.5751,60.6211,55.0704,1
43883,40745564208,39562.6,152967.0,102548.0,4783.65,203541.0,183136.0,2
21321,11627299779,17.7,61.4347,30.5377,13.2722,111.756,102.886,1
39628,11701318604,31.6862,27.857,30.3643,24.9671,26.8177,27.1554,1
42805,11689719245,855.324,1998.92,1178.66,978.925,3192.29,2911.3,1
22351,11630990604,18.0401,18.2027,17.2648,17.8321,25.5165,18.7196,1
18663,11626188392,65.1651,252.503,113.678,48.4483,283.495,273.169,1
3189,40749412503,234.646,2147.36,697.167,24.8639,4386.32,3498.98,2
32914,11690874004,662.11,531.847,578.398,736.006,717.62,727.983,1
30805,11690739948,22.7848,25.9171,23.1364,23.8413,45.1065,43.6379,1
37618,11688683436,233.483,1391.64,570.839,133.671,1785.58,1621.63,1
3968,41021164683,4773.37,6235.43,5881.62,2328.91,6150.2,6216.76,2
22629,11626343954,456.676,2539.49,995.008,295.384,3210.2,2987.15,1
15826,11563001847,7.45351,44.1776,25.1687,2.25454,62.3142,54.0139,1
12254,11564747476,6.08932,20.013,9.93218,4.63018,31.8089,30.404,1
41467,11700416119,9.3299,9.89769,9.30207,5.9212,12.4845,11.3941,1
18961,11638129850,34.7215,29.6614,27.4102,23.2149,40.3882,35.3902,1
414,40970002380,1411.96,3396.08,2665.35,294.699,4014.3,3753.89,2
35482,11707699762,11.1138,25.8934,22.5416,2.63891,26.8878,25.074,1
34924,11690020041,24.2599,59.2512,34.0577,22.1701,97.1715,93.7401,1
39860,11689736840,201.286,3121.62,1208.08,44.2327,9997.7,6821.27,1
46162,40969537045,1286.74,2735.56,2212.2,339.944,3118.73,2975.53,2
19443,11638096201,8.46901,18.9429,14.8764,0.841904,43.8547,30.1977,1
45217,40745568784,746.619,13001.3,2599.73,93.3206,48040.5,28577.4,2
42209,11694060868,10.1757,9.24537,9.27164,10.4902,11.0163,9.04809,1
33306,11695367655,21.5676,44.4145,27.1434,15.3234,151.548,99.2121,1
2976,40901243811,1436010.0,2576550.0,2192230.0,478841.0,2812810.0,2732480.0,2
18560,11638128242,3.30484,14.6943,9.33525,1.43709,55.9383,31.4017,1
11341,11578213170,19.3885,18.7026,19.941,14.5373,17.6371,17.7973,1
5666,11570277712,12.6684,12.524,10.0139,11.1672,15.9041,14.1879,1
18717,11626371192,11.6192,27.3336,14.1356,11.5366,29.3102,29.2186,1
25242,11639295193,13.0911,11.072,12.2518,8.88285,13.2959,12.2645,1
49004,11567697320,32.6346,72.0849,44.0822,20.3215,213.622,98.7516,1
382,40249368825,3829.4,30657.4,11413.5,420.133,58234.8,47402.8,2
4880,11565124176,37.7613,89.303,52.3902,32.3814,147.258,143.473,1
17985,11638637028,15.6738,22.2136,20.5263,3.80994,37.041,29.2447,1
10473,11562638568,51.3245,146.426,114.494,23.5558,189.922,169.666,1
26311,11625872319,159.946,276.159,206.359,166.961,266.283,266.526,1
32566,11691187343,43.4118,247.936,111.633,23.7872,895.734,541.853,1
23266,11625357766,296.465,933.117,705.131,196.384,1267.24,1117.63,1
44536,40966417289,3954.29,5497.96,5077.13,1874.79,5517.24,5545.62,2
2842,41021288874,8.48376,148.531,29.6329,1.05574,550.205,326.984,2
23884,11626636492,32.695,58.6928,34.1057,34.3363,59.4929,61.1825,1
44735,40966411264,22.8676,144.14,72.4536,2.49285,231.922,197.697,2
38276,11693217172,12.4806,23.6127,15.9944,8.36735,57.6812,30.7469,1
18031,11626023447,10.2161,53.1601,24.8958,5.68455,69.4076,62.0336,1
16797,11563381127,77.7718,754.624,294.272,17.0181,1378.29,1079.98,1
42082,11692556307,40.3873,43.4661,39.2836,39.4121,88.964,52.8553,1
47499,11569451668,172.31,232.36,169.897,130.426,401.697,313.768,1
21971,11626496604,2.68495,24.8306,9.45011,0.898878,48.7631,40.5336,1
11085,11582412769,7.93125,8.48089,8.85109,3.61414,7.38957,7.88952,1
317,40062174657,406.469,1933.89,1189.04,51.6245,2742.0,2431.16,2
41345,11689467357,15.7175,149.016,58.4987,6.02337,353.764,276.418,1
30860,11694771074,8.0084,13.7364,10.0031,4.31204,24.2736,18.583,1
44733,40966419482,45.4805,416.454,135.174,4.81702,850.905,678.7,2
46194,41020846873,157.248,797.683,475.929,19.1206,1171.95,1023.24,2
35642,11696193601,14.5707,14.2194,14.4401,11.9766,15.8736,15.3905,1
3367,40969696660,22.6147,161.404,67.9117,2.58896,288.383,238.49,2
16767,11575178294,10.8135,9.9108,10.3699,9.41555,10.0432,10.1559,1
17264,11564249193,27.0834,57.8595,30.7751,26.1687,65.6335,66.5575,1
23630,11627777205,136.538,265.546,179.526,140.661,572.489,500.4,1
14119,11579492885,5.07763,9.85405,8.71099,1.15838,13.3912,10.7653,1
39911,11701172386,116.734,93.7666,105.833,103.652,79.9346,85.8251,1
25884,11641426475,15.596,15.5125,16.376,11.4353,15.2807,14.9378,1
19865,11641133721,14.6952,17.7258,19.5664,5.80319,24.1434,20.6498,1
24525,11638693463,7.43237,10.8209,9.8492,1.60321,17.1258,13.683,1
5959,11562726386,16.8444,59.7506,45.5852,6.18141,79.4378,69.9585,1
35120,11695359651,16.0731,14.2907,13.1304,13.9261,15.7631,15.3442,1
44388,40969576714,73.1964,492.931,228.188,7.84437,834.846,700.271,2
333,40249369292,403724.0,1094500.0,834660.0,62457.3,1314620.0,1218390.0,2
47879,11567843396,42.268,40.2975,39.4513,42.5126,66.1517,41.0722,1
16475,11575825975,9.51263,8.78701,9.33494,7.45502,9.02488,8.9468,1
16125,11571400051,14.3622,13.612,14.0459,12.3931,14.2486,14.2201,1
33507,11692641814,20.6879,21.4403,19.9277,20.7125,40.8883,25.2108,1
11913,11579840081,10.9371,16.9706,16.2156,3.26908,20.5271,17.5711,1
19499,11639680343,11.411,14.8868,14.1716,4.18455,20.0852,17.1117,1
47083,11570085775,14.4078,35.3552,22.5715,3.79175,81.1681,59.4101,1
45761,41020882704,9.24513,62.7008,28.9387,0.985134,106.553,89.2645,2
42560,11690845582,113.775,193.484,153.344,106.646,477.852,394.108,1
23234,11639568736,9.84177,8.65628,9.44126,7.62773,8.2263,8.33992,1
7741,11583344655,7.06243,7.16511,8.96136,2.76364,5.43126,5.2022,1
36926,11688505334,713.729,2504.64,1367.25,523.714,3429.24,2976.35,1
1078,40013590877,48470.2,263601.0,146476.0,5005.15,393594.0,342966.0,2
12574,11565299062,91.2736,520.006,237.029,79.615,1759.95,1116.93,1
15618,11563681158,18.4848,94.5582,41.7799,10.8933,120.386,109.656,1
1133,40969622381,48.7709,132.196,99.4378,9.25195,160.634,149.18,2
13278,11580583574,19.9741,30.3649,32.0646,6.65985,38.0845,30.5976,1
13448,11566422412,10.2099,16.6306,13.3154,8.2899,42.8149,31.95,1
33733,11705360959,66.1739,76.6432,84.268,36.2171,85.4171,74.3925,1
19274,11625756844,661.445,3318.63,1637.42,389.588,4920.94,4107.0,1
6429,11568092465,32.4737,45.2637,34.4502,29.6635,98.6935,54.304,1
2713,hl_ms_24588,0.0,0.0,0.0,0.0,0.0,0.0,3
4482,11568919167,10.5892,9.25291,9.65015,10.9527,11.3367,8.71103,1
37332,11689240825,836.589,2050.78,1035.41,767.044,2393.8,2430.29,1
45844,41020881581,23.4355,55.491,43.8068,4.83771,64.8317,60.918,2
30118,11645254902,11.6901,14.5925,14.8844,3.93313,13.1006,13.9262,1
49097,11563942623,26.119,47.7849,27.9627,27.4479,48.4734,49.2651,1
10363,11562507173,301.635,518.905,438.903,104.448,594.653,571.343,1
30627,40969764317,264.488,1155.71,736.082,32.7153,1591.87,1421.91,2
3737,40966498339,26.0624,186.914,78.4841,2.97213,334.733,276.583,2
28761,11628078122,421.018,678.866,534.26,521.76,1417.29,1215.09,1
29037,11645614924,11.2776,14.0341,14.336,3.78278,12.5781,13.3881,1
35452,11689875419,24.2211,34.5376,24.5905,25.6106,44.3479,45.2781,1
21262,11632241231,15.3725,22.9074,17.9832,9.91309,35.916,28.6794,1
42201,11688200622,7.58304,33.2798,20.6931,4.2142,40.7577,37.2411,1
6969,40970122901,244.446,785.77,559.051,35.5715,1014.0,918.824,2
3255,91875417,120.04,90.3711,106.87,84.9215,66.5103,76.233,2
35853,11689636408,13.3914,54.1707,23.6613,9.95879,85.0566,79.4903,1
37649,11690596682,15.7197,40.3485,25.608,12.6353,95.2573,83.6125,1
17864,11637502995,42.7556,35.4997,39.1397,39.0498,32.1257,34.0425,1
40490,11701144267,166.852,172.026,174.462,105.897,217.54,190.834,1
18930,11638716808,28.5618,27.8352,28.4315,16.7237,43.1888,35.0051,1
15881,11577479031,6.90839,9.4401,8.93056,2.85441,12.3074,10.602,1
9114,11564589172,4.11039,27.2026,10.4817,2.26492,51.9884,44.8397,1
43463,11692664337,10.3446,32.3603,16.2269,4.72997,104.265,48.4301,1
44393,40969578040,24.8459,55.5333,44.3678,5.80261,63.8974,60.7452,2
23746,11633078325,31.4782,26.9183,29.147,30.4691,24.9138,26.1484,1
47493,11570427944,327.083,355.505,327.809,250.423,451.604,418.262,1
18773,11626369725,3.27733,27.5735,10.5575,1.16031,48.8231,41.1342,1
33610,11692454496,14.7544,14.9104,14.0047,14.7965,27.3327,16.3354,1
2318,41020925427,6552.11,14295.8,11523.7,1726.99,16493.5,15606.7,2
25478,11626776941,33.1844,146.331,59.548,23.7478,197.688,188.214,1
27982,11630310577,23.0092,23.3184,21.839,22.6464,42.5265,24.8533,1
13175,11580499760,45.1396,67.2139,63.2821,14.084,72.8375,66.2617,1
11345,11578634728,36.1865,30.957,39.8496,22.9035,39.8887,36.1671,1
5291,11564357174,17.1733,64.3293,28.3519,12.8218,89.842,86.2304,1
44913,40745569426,33.1876,354.949,95.9171,3.26293,788.163,613.71,2
44529,40966407134,28445.8,37902.3,35553.7,14075.7,37369.4,37809.3,2
41107,11689072190,25.941,126.316,50.1036,17.5758,174.367,163.651,1
41242,11688957221,2.79701,48.795,13.6923,0.187252,181.347,122.91,1
30836,11689384614,39.663,144.22,63.2029,31.4924,202.803,195.288,1
3247,40969689309,16.3778,284.669,56.9665,2.05017,1050.97,625.383,2
6749,11578533034,6.90612,10.6617,9.89205,2.36721,14.7444,12.258,1
2714,40969959983,309.934,1880.17,953.032,34.8783,3026.42,2570.4,2
16542,11576575044,9.08471,9.1633,9.45027,5.98957,10.6595,9.89763,1
3783,40555691027,159106.0,439839.0,333287.0,23938.7,531866.0,491552.0,2
38348,11688865279,65.6957,280.997,121.918,46.002,332.618,315.993,1
23328,11640945253,9.60292,9.37952,9.84919,7.06942,9.40791,9.18302,1
16346,11575858667,19.7019,26.6321,23.7719,6.96791,42.0748,34.5303,1
38624,11700121415,13.4974,10.1478,11.7288,13.7363,8.20847,9.1281,1
18181,11626713055,74.7211,343.406,139.009,55.2449,511.785,481.531,1
4934,40970117685,390.1,2885.42,1195.84,43.399,5243.85,4309.22,2
26393,11631265976,10.8365,19.2785,13.4585,7.85223,42.8806,24.4544,1
49456,11563920852,3.92694,33.0495,12.3673,1.54854,60.5417,51.3418,1
34838,11693487482,64.3924,139.399,72.6856,55.165,386.382,225.583,1
27621,11644635621,10.6613,11.5334,12.1764,4.76668,10.2656,10.8633,1
14665,11575420548,21.6948,18.6778,20.2714,19.4971,17.1913,18.1405,1
5596,11563914858,4.35324,31.5281,12.0642,2.32104,58.9127,49.4583,1
27069,11629718545,72.3689,61.9246,65.2763,76.88,97.0811,71.562,1
1519,40969723165,269.289,589.538,471.573,72.9997,678.383,644.838,2
33871,11691423310,39.1053,36.7914,37.1648,40.9282,64.3154,54.2294,1
16788,11571289588,16.7762,15.1778,16.1432,14.6976,14.8074,15.2322,1
770,40970028372,80.7673,546.161,252.388,8.62685,926.83,776.857,2
15238,11563469085,7.03124,27.6198,15.2289,4.31006,31.6657,29.7767,1
42585,11700611942,8.3073,13.0376,11.4222,2.29453,22.4307,17.4073,1
33711,11692259687,64.2812,100.373,76.6965,61.5221,249.785,146.437,1
24055,11627893684,21.8573,25.6995,21.5324,23.4749,37.2743,37.387,1
34456,11687707206,28.5478,85.3606,70.2323,12.1784,104.187,96.0645,1
26175,11626974206,27.2681,72.2145,36.6252,23.3536,94.8622,95.8461,1
44160,40969579004,14.2048,85.9658,43.6188,1.60162,138.215,117.439,2
14906,11564446343,18.3666,78.3452,34.5932,13.0117,129.135,119.674,1
30231,11643680483,75.2414,124.382,115.037,13.7225,132.061,124.435,1
31536,41021084372,33.6804,146.161,92.6615,4.63361,202.074,180.663,2
27157,11630802246,12.321,16.1629,13.2853,10.911,31.3941,18.2478,1
6846,11568829952,13.5344,19.8849,15.4121,10.8945,36.764,23.1946,1
23177,11638371773,35.9775,41.1829,36.8652,16.4474,62.3542,51.8734,1
43398,11700563452,175.136,208.149,200.108,112.366,305.426,250.767,1
35405,11688076434,12.7277,46.1587,30.0573,8.63383,59.4379,53.0541,1
45270,91865020,28.543,60.983,49.5971,8.34585,67.2346,65.7819,2
1362,41021048567,9.4588,47.7601,28.5516,1.15461,70.0039,61.1738,2
26500,11629934892,47.3943,40.3841,42.3195,49.5114,61.1949,43.1896,1
23428,11631407528,26.4252,37.1967,27.9343,21.3631,67.7642,47.0917,1
1971,40966409589,17.5553,106.146,53.8789,1.98086,170.586,144.967,2
31393,11694684788,7.89906,12.1808,9.58845,5.00128,18.4362,15.1894,1
8142,11567862080,8.48342,11.6592,9.07956,8.5872,26.3974,14.571,1
15357,11575651179,9.28551,12.8492,11.7576,3.42997,18.5936,15.7811,1
3982,41021174694,14.8795,106.218,44.6881,1.70315,189.799,156.956,2
17285,11575481781,15.273,15.5485,14.8587,10.4221,18.3602,17.4043,1
3005,40969986833,15050.2,28546.7,24009.9,4839.5,31411.0,30337.5,2
28433,11642798426,11.1533,9.55004,10.5539,9.69623,7.72277,8.42029,1
34624,11689513502,4.93629,30.3957,12.3652,2.62997,61.3767,51.7786,1
23941,11627556487,9.43287,23.5232,13.8208,7.63453,42.7203,40.7218,1
21917,11627064118,27.341,87.9394,41.0561,22.5003,124.597,121.136,1
34771,11693958941,127.522,165.02,121.997,102.964,278.073,203.12,1
49800,11563953815,15.1182,69.7601,29.6787,9.91789,87.0899,81.3978,1
3343,40969691887,2473.06,4388.96,3772.42,815.575,4730.73,4605.51,2
25237,11626280998,5.20117,22.9789,10.792,3.24677,27.9421,25.8164,1
37757,11702212408,38.6467,36.2493,38.6598,27.1118,37.1506,36.0659,1
21408,11633377752,10.7161,10.3725,10.3541,9.738,11.2113,10.9542,1
33348,11694913248,68.0729,74.1691,58.9424,50.7366,94.5738,86.548,1
36892,11700048639,12.4604,13.9937,12.1656,6.85085,19.1662,17.1776,1
14582,11562625549,31.5697,96.4406,75.8143,11.7981,123.701,111.239,1
23836,11627559538,503.873,942.496,635.223,588.652,1740.17,1526.64,1
49128,11565382553,8.78313,15.1979,10.5897,8.62231,29.4473,27.075,1
34352,11687872623,3.73018,21.3478,12.7027,0.89436,32.5717,27.61,1
